{
  "ipcMode": null,
  "executionRoleArn": "arn:aws:iam::988385303781:role/ECSTaskExecutionRole",
  "containerDefinitions": [
    {
      "dnsSearchDomains": null,
      "environmentFiles": null,
      "logConfiguration": null,
      "entryPoint": null,
      "portMappings": [
        {
          "hostPort": 0,
          "protocol": "tcp",
          "containerPort": 80
        }
      ],
      "command": null,
      "linuxParameters": null,
      "cpu": 0,
      "environment": [],
      "resourceRequirements": null,
      "ulimits": null,
      "dnsServers": null,
      "mountPoints": [],
      "workingDirectory": null,
      "secrets": null,
      "dockerSecurityOptions": null,
      "memory": 512,
      "memoryReservation": 256,
      "volumesFrom": [],
      "stopTimeout": null,
      "image": "988385303781.dkr.ecr.us-east-1.amazonaws.com/bevelplexus-payment-fe",
      "startTimeout": null,
      "firelensConfiguration": null,
      "dependsOn": null,
      "disableNetworking": null,
      "interactive": null,
      "healthCheck": null,
      "essential": true,
      "links": null,
      "hostname": null,
      "extraHosts": null,
      "pseudoTerminal": null,
      "user": null,
      "readonlyRootFilesystem": null,
      "dockerLabels": null,
      "systemControls": null,
      "privileged": null,
      "name": "BevelPlexusPaymentContainer"
    }
  ],
  "placementConstraints": [],
  "memory": null,
  "taskRoleArn": "arn:aws:iam::988385303781:role/ECSTaskExecutionRole",
  "compatibilities": [
    "EC2"
  ],
  "taskDefinitionArn": "arn:aws:ecs:us-east-1:988385303781:task-definition/BevelPlexusPayment:1",
  "family": "BevelPlexusPayment",
  "requiresAttributes": [
    {
      "targetId": null,
      "targetType": null,
      "value": null,
      "name": "com.amazonaws.ecs.capability.ecr-auth"
    },
    {
      "targetId": null,
      "targetType": null,
      "value": null,
      "name": "com.amazonaws.ecs.capability.docker-remote-api.1.21"
    },
    {
      "targetId": null,
      "targetType": null,
      "value": null,
      "name": "com.amazonaws.ecs.capability.task-iam-role"
    },
    {
      "targetId": null,
      "targetType": null,
      "value": null,
      "name": "ecs.capability.execution-role-ecr-pull"
    }
  ],
  "pidMode": null,
  "requiresCompatibilities": [
    "EC2"
  ],
  "networkMode": null,
  "cpu": null,
  "revision": 1,
  "status": "ACTIVE",
  "inferenceAccelerators": null,
  "proxyConfiguration": null,
  "volumes": []
}
